{
  "mse": 0.0019500799244269729,
  "mae": 0.03264027088880539
}